,word,coef_values,abs_values,,,word,coef_values
10,comp,-3.935000407,3.935000407,,,comp,-3.935
31,yoga,-3.337952896,3.337952896,,,yoga,-3.338
219,yoga,-2.745558994,2.745558994,,,yoga,-2.746
55,climbing,2.533303797,2.533303797,,,climbing,2.533
9,climbing,2.195359005,2.195359005,,,climbing,2.195
22,pose,-1.910928849,1.910928849,,,pose,-1.911
125,mat,-1.431499644,1.431499644,,,mat,-1.431
149,practice,-1.321226879,1.321226879,,,practice,-1.321
6,climb,1.267125456,1.267125456,,,climb,1.267
23,poses,-1.198896541,1.198896541,,,poses,-1.199
24,practice,-1.148072767,1.148072767,,,practice,-1.148
52,class,-1.041072858,1.041072858,,,class,-1.041
94,gym,1.020866496,1.020866496,,,gym,1.021
147,poses,-1.01583809,1.01583809,,,poses,-1.016
79,feels,-0.971554773,0.971554773,,,feels,-0.972
146,pose,-0.932221432,0.932221432,,,pose,-0.932
51,bouldering,0.929949939,0.929949939,,,bouldering,0.930
180,teacher,-0.921977955,0.921977955,,,teacher,-0.922
50,body,-0.908645689,0.908645689,,,body,-0.909
4,bouldering,0.889948843,0.889948843,,,,
27,route,0.872445028,0.872445028,,,,
7,climber,0.84734111,0.84734111,,,,
54,climb,0.838918734,0.838918734,,,,
18,mat,-0.836238758,0.836238758,,,,
171,sport,0.822113972,0.822113972,,,,
220,youtube,-0.807710611,0.807710611,,,,
29,tips,-0.803032017,0.803032017,,,,
191,tips,-0.765835387,0.765835387,,,,
11,first,0.737655157,0.737655157,,,,
15,help,-0.736864198,0.736864198,,,,
0,advice,-0.734897827,0.734897827,,,,
8,climbers,0.733161661,0.733161661,,,,
202,using,0.731122635,0.731122635,,,,
60,daily,-0.727588302,0.727588302,,,,
2,back,-0.712008458,0.712008458,,,,
178,sure,0.707368661,0.707368661,,,,
198,two,0.702561027,0.702561027,,,,
130,month,0.695016829,0.695016829,,,,
150,practicing,-0.689030015,0.689030015,,,,
21,pain,-0.678729671,0.678729671,,,,
193,top,0.661242806,0.661242806,,,,
17,looking,-0.654930239,0.654930239,,,,
98,hey,0.605738929,0.605738929,,,,
164,seem,-0.599258204,0.599258204,,,,
120,lot,0.592663088,0.592663088,,,,
115,life,-0.589896386,0.589896386,,,,
82,first,0.58871654,0.58871654,,,,
53,classes,-0.572724395,0.572724395,,,,
176,studio,-0.572580031,0.572580031,,,,
161,routes,0.569102914,0.569102914,,,,
113,legs,-0.566612851,0.566612851,,,,
13,good,-0.56163749,0.56163749,,,,
132,much,-0.558652809,0.558652809,,,,
170,sometimes,-0.557272217,0.557272217,,,,
183,thing,0.553326944,0.553326944,,,,
104,https,0.550628928,0.550628928,,,,
12,get,-0.550605236,0.550605236,,,,
96,hello,0.544657383,0.544657383,,,,
139,one,-0.534934791,0.534934791,,,,
93,guys,0.534480043,0.534480043,,,,
25,question,-0.533781948,0.533781948,,,,
97,help,-0.532782929,0.532782929,,,,
211,went,0.521267321,0.521267321,,,,
67,else,-0.520583616,0.520583616,,,,
71,even,-0.518744333,0.518744333,,,,
14,gym,0.510870722,0.510870722,,,,
122,made,0.510258841,0.510258841,,,,
70,etc,-0.50794422,0.50794422,,,,
158,recently,0.495094126,0.495094126,,,,
66,edit,0.480364921,0.480364921,,,,
26,rock,0.478449893,0.478449893,,,,
42,appreciated,0.468828263,0.468828263,,,,
187,thought,0.467294149,0.467294149,,,,
148,post,0.464981335,0.464981335,,,,
204,videos,-0.454689378,0.454689378,,,,
154,put,0.449640034,0.449640034,,,,
92,great,-0.44903992,0.44903992,,,,
109,know,0.447398764,0.447398764,,,,
63,different,0.441449112,0.441449112,,,,
155,question,-0.438747146,0.438747146,,,,
197,trying,0.432690707,0.432690707,,,,
192,today,-0.430796948,0.430796948,,,,
20,one,-0.42797414,0.42797414,,,,
215,would,0.422682598,0.422682598,,,,
136,next,0.422629639,0.422629639,,,,
179,take,0.418532124,0.418532124,,,,
108,kind,-0.413302793,0.413302793,,,,
133,need,-0.411557184,0.411557184,,,,
44,around,0.405852344,0.405852344,,,,
111,lead,0.386153854,0.386153854,,,,
174,still,-0.385869321,0.385869321,,,,
5,class,-0.383462275,0.383462275,,,,
33,advance,-0.380488334,0.380488334,,,,
56,com,0.373431126,0.373431126,,,,
203,usually,0.372392352,0.372392352,,,,
138,old,0.345727542,0.345727542,,,,
105,injury,0.342190007,0.342190007,,,,
3,best,-0.335550148,0.335550148,,,,
206,wanted,0.331633347,0.331633347,,,,
1,anyone,-0.33058815,0.33058815,,,,
142,people,0.327466692,0.327466692,,,,
87,give,-0.321685819,0.321685819,,,,
137,nice,0.320841202,0.320841202,,,,
59,curious,0.309697701,0.309697701,,,,
190,times,0.307295783,0.307295783,,,,
181,thank,-0.302803453,0.302803453,,,,
49,bit,-0.294990593,0.294990593,,,,
121,love,0.294751942,0.294751942,,,,
216,www,0.294699416,0.294699416,,,,
126,may,0.294366631,0.294366631,,,,
185,think,-0.291179788,0.291179788,,,,
86,getting,0.289159853,0.289159853,,,,
19,new,0.286301258,0.286301258,,,,
159,recommend,-0.285847943,0.285847943,,,,
157,really,-0.285698707,0.285698707,,,,
88,go,0.283998231,0.283998231,,,,
62,days,-0.280453533,0.280453533,,,,
160,right,0.278288426,0.278288426,,,,
78,feeling,-0.27742552,0.27742552,,,,
68,end,0.275874625,0.275874625,,,,
177,suggestions,-0.275687743,0.275687743,,,,
102,hot,-0.274904882,0.274904882,,,,
167,since,-0.271867657,0.271867657,,,,
210,well,0.271212383,0.271212383,,,,
72,ever,0.269695517,0.269695517,,,,
195,tried,0.255920605,0.255920605,,,,
169,something,-0.254347191,0.254347191,,,,
151,pretty,-0.245150226,0.245150226,,,,
81,find,-0.243670694,0.243670694,,,,
175,strength,-0.243445308,0.243445308,,,,
143,place,0.238584893,0.238584893,,,,
32,able,-0.238221883,0.238221883,,,,
127,maybe,-0.236308325,0.236308325,,,,
140,pain,-0.235313893,0.235313893,,,,
99,hi,-0.214375099,0.214375099,,,,
61,day,-0.211577592,0.211577592,,,,
48,big,0.20553638,0.20553638,,,,
103,however,-0.195997165,0.195997165,,,,
37,also,-0.192021155,0.192021155,,,,
205,want,0.191585773,0.191585773,,,,
184,things,0.19128737,0.19128737,,,,
153,problem,-0.190634725,0.190634725,,,,
80,felt,0.18475931,0.18475931,,,,
144,please,0.183846412,0.183846412,,,,
75,experience,0.183553536,0.183553536,,,,
45,back,-0.181792501,0.181792501,,,,
165,seems,-0.178598144,0.178598144,,,,
145,point,0.169454478,0.169454478,,,,
69,enough,0.169430734,0.169430734,,,,
101,home,-0.168967745,0.168967745,,,,
117,little,-0.167640223,0.167640223,,,,
201,used,0.167278085,0.167278085,,,,
168,someone,-0.162954328,0.162954328,,,,
43,area,-0.162262268,0.162262268,,,,
85,get,-0.16138201,0.16138201,,,,
173,started,0.159735741,0.159735741,,,,
207,way,-0.157951952,0.157951952,,,,
74,everyone,-0.156835079,0.156835079,,,,
217,year,0.155589863,0.155589863,,,,
16,like,0.153995296,0.153995296,,,,
83,found,0.152470331,0.152470331,,,,
186,thinking,-0.152071078,0.152071078,,,,
156,read,0.152062731,0.152062731,,,,
135,new,0.150196705,0.150196705,,,,
73,every,-0.146942925,0.146942925,,,,
84,full,-0.143930686,0.143930686,,,,
64,done,0.143854215,0.143854215,,,,
116,like,-0.141061755,0.141061755,,,,
77,feel,-0.140539314,0.140539314,,,,
152,probably,0.13725441,0.13725441,,,,
166,side,-0.12949387,0.12949387,,,,
28,time,-0.127535243,0.127535243,,,,
141,past,0.126391807,0.126391807,,,,
131,months,0.124974584,0.124974584,,,,
194,training,0.116705404,0.116705404,,,,
110,last,0.111730828,0.111730828,,,,
196,try,0.109876734,0.109876734,,,,
91,got,-0.107791505,0.107791505,,,,
134,never,0.103248261,0.103248261,,,,
30,video,0.102262191,0.102262191,,,,
172,start,-0.101441203,0.101441203,,,,
218,years,-0.094686896,0.094686896,,,,
41,anything,0.090918291,0.090918291,,,,
212,without,0.089439302,0.089439302,,,,
128,might,-0.088595607,0.088595607,,,,
34,advice,-0.088382175,0.088382175,,,,
163,see,-0.086890937,0.086890937,,,,
65,due,0.085503044,0.085503044,,,,
123,make,0.083535705,0.083535705,,,,
114,let,-0.082042577,0.082042577,,,,
208,week,-0.080750886,0.080750886,,,,
200,use,-0.080432875,0.080432875,,,,
162,say,0.079577407,0.079577407,,,,
189,time,-0.077186144,0.077186144,,,,
47,better,0.066366972,0.066366972,,,,
76,far,-0.065446601,0.065446601,,,,
46,best,-0.06264964,0.06264964,,,,
40,anyone,-0.06110258,0.06110258,,,,
213,wondering,-0.058681543,0.058681543,,,,
89,going,0.056244086,0.056244086,,,,
119,looking,0.05605587,0.05605587,,,,
100,hold,-0.055437432,0.055437432,,,,
58,couple,0.053302667,0.053302667,,,,
106,interested,0.052614084,0.052614084,,,,
214,work,0.046017607,0.046017607,,,,
107,keep,-0.044578825,0.044578825,,,,
95,hard,0.043967099,0.043967099,,,,
112,left,-0.0423033,0.0423033,,,,
39,amp,-0.037405332,0.037405332,,,,
35,ago,0.037283086,0.037283086,,,,
124,many,0.023601305,0.023601305,,,,
118,long,0.022267596,0.022267596,,,,
199,us,0.017068997,0.017068997,,,,
188,thoughts,-0.016222401,0.016222401,,,,
209,weeks,-0.015533614,0.015533614,,,,
90,good,0.015234058,0.015234058,,,,
36,almost,0.014093286,0.014093286,,,,
38,always,-0.013252352,0.013252352,,,,
182,thanks,0.009873761,0.009873761,,,,
57,could,-0.003890854,0.003890854,,,,
129,mind,-0.003125231,0.003125231,,,,
222,selftext_len,-0.002285408,0.002285408,,,,
221,title_len,0.000548216,0.000548216,,,,